ProgressID,UserID,ModuleID,CompletionStatus,DateCompleted
1,273,152,InProgress,6/23/2023
2,181,174,InProgress,7/25/2023
3,71,148,InProgress,6/22/2024
4,161,18,InProgress,2/17/2024
5,203,193,InProgress,4/27/2024
6,67,162,InProgress,5/19/2024
7,106,150,Completed,5/19/2023
8,163,57,Completed,4/19/2023
9,116,31,Completed,10/23/2023
10,282,53,Completed,7/2/2023
11,276,13,Completed,4/8/2023
12,56,30,InProgress,12/7/2023
13,152,47,Completed,7/11/2023
14,13,184,InProgress,1/24/2024
15,197,111,InProgress,10/15/2023
16,176,2,Completed,3/17/2024
17,267,5,Completed,6/13/2023
18,133,73,Completed,2/21/2024
19,147,129,InProgress,8/30/2023
20,5,116,InProgress,11/5/2023
21,260,3,InProgress,6/20/2023
22,97,169,InProgress,10/22/2023
23,177,108,Completed,5/30/2023
24,288,68,Completed,10/23/2023
25,173,120,Completed,5/19/2023
26,134,93,Completed,1/12/2024
27,149,123,Completed,8/6/2023
28,104,134,InProgress,12/28/2023
29,68,56,InProgress,4/15/2024
30,25,54,Completed,6/14/2024
31,141,156,Completed,10/28/2023
32,246,161,InProgress,6/11/2024
33,242,181,InProgress,1/16/2024
34,65,46,InProgress,11/9/2023
35,222,44,InProgress,12/8/2023
36,155,79,InProgress,6/22/2024
37,237,48,InProgress,12/2/2023
38,280,95,InProgress,4/1/2024
39,100,187,InProgress,6/10/2024
40,117,43,Completed,7/24/2023
41,175,58,Completed,9/9/2023
42,44,165,Completed,3/1/2024
43,165,103,InProgress,6/24/2024
44,79,33,InProgress,4/14/2024
45,216,84,InProgress,9/19/2023
46,136,182,Completed,1/14/2024
47,220,132,InProgress,6/5/2024
48,139,125,Completed,3/20/2024
49,236,85,Completed,3/11/2024
50,229,107,InProgress,9/3/2023
51,105,99,InProgress,5/26/2024
52,209,133,Completed,6/14/2024
53,103,4,InProgress,9/14/2023
54,14,197,Completed,5/2/2023
55,51,115,Completed,5/6/2023
56,207,128,InProgress,2/24/2024
57,233,17,InProgress,5/21/2024
58,290,131,InProgress,6/9/2024
59,64,139,Completed,9/12/2023
60,77,178,InProgress,5/25/2024
61,132,77,Completed,3/11/2024
62,81,179,Completed,12/14/2023
63,82,41,InProgress,8/20/2023
64,201,199,Completed,4/24/2024
65,170,166,InProgress,3/8/2024
66,39,146,InProgress,5/14/2024
67,128,190,Completed,6/11/2023
68,259,25,Completed,6/1/2023
69,121,39,InProgress,9/26/2023
70,118,14,InProgress,6/8/2024
71,184,70,Completed,12/18/2023
72,182,164,InProgress,11/30/2023
73,249,113,InProgress,4/23/2024
74,93,158,Completed,6/16/2023
75,144,27,InProgress,11/18/2023
76,52,8,InProgress,4/23/2024
77,269,185,InProgress,11/13/2023
78,225,63,Completed,5/6/2023
79,178,142,InProgress,7/4/2023
80,119,188,Completed,2/7/2024
81,262,10,Completed,4/22/2023
82,256,186,Completed,5/16/2024
83,179,171,InProgress,3/22/2024
84,108,180,InProgress,5/12/2023
85,261,32,Completed,3/2/2024
86,264,26,InProgress,8/24/2023
87,235,20,Completed,12/21/2023
88,251,114,InProgress,7/3/2023
89,193,157,InProgress,11/21/2023
90,154,196,Completed,6/4/2024
91,45,94,Completed,5/23/2023
92,69,118,Completed,5/10/2023
93,96,101,InProgress,6/5/2023
94,86,29,Completed,3/18/2024
95,142,24,InProgress,5/13/2024
96,36,136,InProgress,12/22/2023
97,244,35,InProgress,5/8/2024
98,227,88,Completed,5/26/2024
99,140,82,Completed,6/2/2023
100,131,97,InProgress,7/5/2023
101,22,143,Completed,4/15/2024
102,159,59,InProgress,7/31/2023
103,162,195,Completed,4/27/2024
104,277,177,Completed,5/13/2024
105,17,127,Completed,6/18/2024
106,1,80,InProgress,1/5/2024
107,255,75,InProgress,12/27/2023
108,198,92,Completed,2/28/2024
109,180,96,InProgress,9/1/2023
110,124,175,InProgress,8/22/2023
111,111,1,Completed,6/25/2023
112,205,50,Completed,1/19/2024
113,12,86,InProgress,6/23/2024
114,138,67,InProgress,8/9/2023
115,188,163,InProgress,3/11/2024
116,240,16,InProgress,7/19/2023
117,30,117,InProgress,7/24/2023
118,74,105,Completed,3/3/2024
119,230,34,Completed,8/2/2023
120,232,87,Completed,3/19/2024
121,296,64,Completed,1/14/2024
122,34,69,InProgress,11/11/2023
123,8,141,InProgress,2/17/2024
124,73,91,Completed,5/25/2023
125,62,62,Completed,6/12/2023
126,70,9,InProgress,11/5/2023
127,54,6,Completed,12/17/2023
128,95,192,InProgress,5/30/2023
129,270,98,Completed,7/3/2024
130,285,21,Completed,8/8/2023
131,85,121,InProgress,12/22/2023
132,120,51,InProgress,10/29/2023
133,87,140,Completed,2/29/2024
134,40,154,Completed,7/9/2023
135,297,124,Completed,9/6/2023
136,278,7,InProgress,12/7/2023
137,160,167,Completed,7/13/2023
138,102,144,InProgress,4/11/2023
139,7,126,Completed,4/23/2024
140,186,40,InProgress,2/21/2024
141,271,90,Completed,6/9/2024
142,202,200,InProgress,3/13/2024
143,33,173,InProgress,5/18/2024
144,234,66,Completed,11/23/2023
145,208,176,Completed,4/26/2023
146,268,135,InProgress,7/9/2023
147,194,19,Completed,6/7/2023
148,9,23,Completed,1/29/2024
149,266,155,Completed,9/25/2023
150,10,183,Completed,6/14/2023
151,47,81,InProgress,5/4/2023
152,213,11,InProgress,9/4/2023
153,289,38,Completed,3/6/2024
154,126,159,Completed,10/23/2023
155,3,151,InProgress,5/11/2024
156,90,45,InProgress,1/31/2024
157,196,194,InProgress,7/4/2024
158,42,36,InProgress,6/27/2024
159,80,172,InProgress,9/3/2023
160,199,147,Completed,4/30/2024
161,146,76,InProgress,2/13/2024
162,59,61,Completed,11/29/2023
163,200,65,Completed,7/15/2023
164,122,145,InProgress,3/9/2024
165,167,112,InProgress,1/10/2024
166,49,191,InProgress,5/4/2024
167,101,28,InProgress,1/27/2024
168,158,72,Completed,1/5/2024
169,66,149,Completed,4/4/2024
170,215,119,InProgress,3/2/2024
171,224,55,InProgress,2/4/2024
172,174,153,InProgress,4/19/2024
173,281,110,InProgress,7/2/2024
174,61,198,Completed,5/12/2023
175,189,104,Completed,6/20/2024
176,107,100,InProgress,5/11/2024
177,92,12,InProgress,2/25/2024
178,28,15,InProgress,12/13/2023
179,171,49,InProgress,4/10/2024
180,299,71,InProgress,6/6/2024
181,210,168,Completed,5/31/2024
182,130,137,InProgress,10/14/2023
183,284,60,InProgress,6/23/2023
184,294,52,Completed,8/26/2023
185,291,89,InProgress,9/10/2023
186,129,170,Completed,11/14/2023
187,72,19,Completed,1/23/2024
188,295,53,InProgress,4/27/2024
189,35,134,InProgress,9/2/2023
190,166,108,Completed,6/15/2024
191,18,71,InProgress,5/1/2023
192,6,115,Completed,4/19/2024
193,191,31,InProgress,10/25/2023
194,283,105,Completed,5/19/2023
195,135,176,InProgress,9/24/2023
196,212,8,InProgress,8/16/2023
197,183,25,InProgress,1/31/2024
198,115,14,Completed,9/12/2023
199,206,51,InProgress,3/21/2024
200,293,195,Completed,5/12/2024
201,88,171,Completed,9/17/2023
202,20,1,InProgress,5/20/2024
203,151,100,InProgress,12/2/2023
204,109,167,InProgress,5/2/2024
205,114,33,Completed,10/7/2023
206,48,132,InProgress,7/28/2023
207,274,172,Completed,6/14/2023
208,38,93,Completed,3/2/2024
209,228,178,Completed,8/4/2023
210,223,98,Completed,4/11/2024
211,221,146,Completed,6/13/2024
212,145,81,InProgress,8/23/2023
213,76,117,Completed,5/2/2023
214,15,26,InProgress,8/15/2023
215,98,113,InProgress,6/14/2024
216,113,61,Completed,4/16/2024
217,239,125,InProgress,12/7/2023
218,258,86,InProgress,3/14/2024
219,153,32,Completed,5/13/2024
220,148,82,Completed,4/21/2024
221,231,138,InProgress,4/15/2024
222,91,197,InProgress,4/28/2023
223,243,38,Completed,4/10/2023
224,252,80,InProgress,1/7/2024
225,75,4,Completed,12/8/2023
226,50,119,InProgress,7/8/2023
227,110,175,Completed,6/4/2024
228,169,88,InProgress,4/4/2024
229,226,181,Completed,3/21/2024
230,23,126,InProgress,12/19/2023
231,32,35,Completed,4/25/2023
232,300,123,InProgress,4/12/2024
233,21,66,Completed,4/25/2023
234,265,62,InProgress,4/29/2024
235,125,194,InProgress,7/16/2023
236,241,186,InProgress,1/11/2024
237,248,121,Completed,10/26/2023
238,16,13,Completed,7/23/2023
239,53,10,Completed,12/10/2023
240,144,149,InProgress,1/24/2024
241,56,164,InProgress,2/7/2024
242,181,60,InProgress,7/16/2023
243,195,124,Completed,9/30/2023
244,70,116,InProgress,6/10/2023
245,219,58,InProgress,1/10/2024
246,138,173,Completed,9/27/2023
247,142,152,InProgress,8/31/2023
248,278,180,Completed,1/22/2024
249,146,27,InProgress,4/12/2024
250,39,188,Completed,8/26/2023
251,8,166,InProgress,4/7/2024
252,189,55,Completed,7/1/2024
253,249,191,InProgress,6/10/2023
254,30,97,Completed,6/23/2023
255,71,59,Completed,12/15/2023
256,145,174,InProgress,2/25/2024
257,234,143,Completed,5/23/2023
258,57,182,Completed,8/11/2023
259,296,199,InProgress,1/20/2024
260,33,91,InProgress,12/16/2023
261,157,200,InProgress,6/5/2024
262,167,39,Completed,12/26/2023
263,155,11,InProgress,2/4/2024
264,78,101,Completed,5/19/2024
265,174,75,Completed,4/9/2023
266,111,183,Completed,5/4/2023
267,63,74,Completed,8/26/2023
268,223,130,Completed,4/23/2024
269,133,3,Completed,6/13/2023
270,153,154,Completed,4/15/2023
271,221,46,Completed,1/28/2024
272,93,12,Completed,3/30/2024
273,158,168,Completed,6/27/2024
274,252,72,InProgress,12/28/2023
275,255,50,InProgress,4/18/2023
276,41,95,InProgress,2/3/2024
277,176,159,InProgress,6/13/2024
278,287,96,Completed,3/14/2024
279,250,120,InProgress,4/18/2023
280,271,170,InProgress,12/4/2023
281,299,23,Completed,2/10/2024
282,58,87,Completed,7/9/2023
283,162,128,Completed,12/9/2023
284,225,90,InProgress,6/2/2024
285,109,45,Completed,2/17/2024
286,259,85,Completed,11/19/2023
287,74,99,InProgress,6/2/2024
288,188,36,Completed,1/29/2024
289,236,187,Completed,6/24/2024
290,81,84,Completed,6/24/2024
291,285,41,InProgress,6/22/2023
292,134,193,Completed,6/14/2024
293,184,89,InProgress,5/22/2023
294,64,161,Completed,1/10/2024
295,298,107,InProgress,2/4/2024
296,45,102,InProgress,4/10/2024
297,96,110,Completed,3/9/2024
298,34,42,Completed,6/12/2024
299,15,78,InProgress,1/8/2024
300,31,5,InProgress,7/5/2023
301,206,22,Completed,4/11/2024
302,208,160,InProgress,6/17/2024
303,23,151,InProgress,2/14/2024
304,256,73,InProgress,6/20/2024
305,104,68,Completed,10/16/2023
306,197,196,Completed,5/30/2024
307,165,63,Completed,7/5/2023
308,73,103,InProgress,4/28/2023
309,169,37,InProgress,11/12/2023
310,3,44,InProgress,9/30/2023
311,5,16,InProgress,5/16/2024
312,112,34,InProgress,2/14/2024
313,216,21,Completed,4/26/2023
314,237,189,InProgress,5/17/2023
315,148,127,InProgress,12/9/2023
316,79,184,Completed,10/3/2023
317,100,65,Completed,3/13/2024
318,141,64,Completed,9/15/2023
319,2,40,InProgress,2/2/2024
320,59,157,InProgress,4/8/2024
321,119,83,InProgress,7/2/2024
322,17,7,InProgress,4/14/2023
323,242,158,InProgress,7/26/2023
324,46,112,InProgress,5/15/2023
325,13,135,InProgress,5/26/2023
326,114,24,Completed,9/24/2023
327,262,114,Completed,1/8/2024
328,166,15,InProgress,4/24/2024
329,266,165,InProgress,6/30/2024
330,40,141,Completed,5/2/2024
331,289,30,InProgress,9/8/2023
332,281,142,Completed,7/28/2023
333,117,29,Completed,4/11/2023
334,35,179,Completed,9/3/2023
335,102,139,InProgress,10/18/2023
336,32,54,Completed,10/11/2023
337,6,147,InProgress,7/2/2023
338,239,67,InProgress,1/20/2024
339,273,49,InProgress,11/25/2023
340,198,122,Completed,4/10/2023
341,280,118,InProgress,5/18/2024
342,24,144,InProgress,3/14/2024
343,105,169,Completed,7/27/2023
344,50,56,InProgress,8/22/2023
345,92,106,Completed,7/11/2023
346,185,111,InProgress,11/24/2023
347,25,104,Completed,6/6/2023
348,186,155,InProgress,3/6/2024
349,286,153,Completed,3/8/2024
350,91,92,Completed,10/30/2023
351,178,150,Completed,3/23/2024
352,122,185,InProgress,10/29/2023
353,248,77,InProgress,5/15/2023
354,68,52,Completed,5/19/2023
355,27,43,InProgress,4/16/2023
356,194,148,InProgress,6/11/2023
357,21,47,InProgress,4/29/2023
358,190,48,Completed,12/18/2023
359,95,28,Completed,5/25/2023
360,263,136,Completed,3/11/2024
361,244,145,Completed,5/14/2024
362,69,131,Completed,11/20/2023
363,264,9,Completed,6/19/2024
364,235,20,Completed,6/11/2023
365,297,76,Completed,12/29/2023
366,202,70,InProgress,11/27/2023
367,75,17,InProgress,10/28/2023
368,270,137,InProgress,10/19/2023
369,268,124,Completed,8/14/2023
370,300,183,InProgress,4/19/2024
371,76,37,Completed,5/20/2024
372,210,75,InProgress,12/10/2023
373,215,46,Completed,10/12/2023
374,277,158,InProgress,4/14/2024
375,218,148,Completed,5/22/2024
376,269,12,Completed,7/5/2023
377,11,147,Completed,4/20/2024
378,243,193,InProgress,10/27/2023
379,282,2,Completed,11/3/2023
380,288,182,Completed,5/5/2023
381,284,17,InProgress,12/1/2023
382,161,28,Completed,2/20/2024
383,171,65,InProgress,12/4/2023
384,211,48,InProgress,4/26/2023
385,97,61,InProgress,12/3/2023
386,128,105,InProgress,3/1/2024
387,99,44,Completed,12/20/2023
388,150,47,InProgress,10/30/2023
389,293,55,Completed,1/18/2024
390,83,156,Completed,6/15/2023
391,203,118,InProgress,4/14/2024
392,151,24,Completed,10/15/2023
393,53,157,InProgress,7/4/2023
394,172,43,InProgress,5/18/2024
395,67,155,InProgress,5/15/2024
396,60,68,Completed,1/21/2024
397,28,41,Completed,8/7/2023
398,80,175,Completed,5/10/2024
399,108,185,InProgress,9/19/2023
400,246,100,InProgress,2/28/2024
401,4,163,Completed,2/3/2024
402,290,27,InProgress,5/9/2023
403,177,189,Completed,4/4/2024
404,94,69,Completed,11/6/2023
405,260,161,Completed,4/12/2024
406,191,140,Completed,4/24/2023
407,121,150,InProgress,9/17/2023
408,131,177,InProgress,3/15/2024
409,159,123,Completed,11/4/2023
410,127,188,Completed,10/9/2023
411,253,184,InProgress,2/9/2024
412,1,120,InProgress,7/23/2023
413,276,10,Completed,4/3/2024
414,129,144,Completed,7/28/2023
415,7,32,Completed,9/8/2023
416,120,111,InProgress,8/24/2023
417,36,181,Completed,2/10/2024
418,98,25,InProgress,1/14/2024
419,164,187,InProgress,6/24/2024
420,294,129,Completed,6/3/2023
421,224,23,Completed,7/12/2023
422,274,62,InProgress,9/4/2023
423,173,172,Completed,5/25/2024
424,204,190,Completed,5/29/2024
425,18,29,Completed,7/28/2023
426,66,195,InProgress,9/14/2023
427,238,191,InProgress,7/19/2023
428,292,90,Completed,10/21/2023
429,229,137,InProgress,11/21/2023
430,295,34,Completed,4/30/2024
431,160,59,InProgress,6/24/2024
432,116,170,Completed,9/26/2023
433,291,21,InProgress,5/23/2023
434,82,112,Completed,9/20/2023
435,43,101,InProgress,12/5/2023
436,86,76,InProgress,4/18/2023
437,130,109,Completed,2/16/2024
438,72,51,InProgress,12/25/2023
439,187,64,InProgress,10/12/2023
440,275,164,Completed,10/27/2023
441,20,70,Completed,8/20/2023
442,42,13,InProgress,3/21/2024
443,182,169,Completed,1/9/2024
444,135,143,Completed,12/31/2023
445,113,151,InProgress,6/12/2023
446,180,167,InProgress,6/4/2024
447,261,1,Completed,6/23/2024
448,265,153,Completed,5/11/2023
449,258,33,InProgress,12/21/2023
450,231,98,Completed,5/31/2024
451,52,168,InProgress,7/15/2023
452,118,113,InProgress,9/1/2023
453,65,103,InProgress,7/25/2023
454,170,160,InProgress,2/1/2024
455,220,20,InProgress,1/28/2024
456,279,42,InProgress,1/3/2024
457,214,50,InProgress,10/23/2023
458,89,14,Completed,8/26/2023
459,49,52,InProgress,11/22/2023
460,9,85,InProgress,4/13/2023
461,123,174,InProgress,6/30/2023
462,196,4,Completed,8/23/2023
463,156,77,Completed,6/10/2023
464,207,128,InProgress,4/25/2023
465,232,146,InProgress,5/22/2023
466,139,91,InProgress,12/9/2023
467,205,5,InProgress,9/18/2023
468,137,159,Completed,5/26/2023
469,140,145,Completed,4/18/2023
470,147,16,Completed,7/24/2023
471,125,199,InProgress,6/14/2023
472,106,19,Completed,6/21/2024
473,283,87,InProgress,2/17/2024
474,212,94,Completed,5/4/2023
475,124,15,InProgress,5/26/2023
476,37,81,InProgress,12/4/2023
477,154,186,InProgress,8/23/2023
478,132,141,InProgress,4/24/2023
479,38,39,Completed,5/6/2024
480,126,56,InProgress,2/13/2024
481,192,92,Completed,8/8/2023
482,54,72,InProgress,12/19/2023
483,115,30,Completed,9/7/2023
484,26,110,InProgress,6/2/2024
485,85,126,InProgress,5/6/2024
486,213,79,Completed,4/16/2023
487,270,116,InProgress,3/3/2024
488,33,179,InProgress,4/9/2023
489,150,36,InProgress,9/18/2023
490,60,133,InProgress,12/14/2023
491,25,104,Completed,2/29/2024
492,185,71,Completed,1/12/2024
493,93,35,InProgress,4/9/2024
494,276,132,Completed,4/13/2024
495,297,107,InProgress,1/15/2024
496,10,122,Completed,10/1/2023
497,211,58,InProgress,8/17/2023
498,3,131,InProgress,9/13/2023
499,202,73,InProgress,3/31/2024
500,106,173,Completed,6/5/2024
501,186,96,Completed,7/8/2023
502,26,74,Completed,8/15/2023
503,256,130,Completed,11/26/2023
504,230,40,InProgress,9/20/2023
505,13,162,InProgress,4/19/2024
506,81,200,Completed,11/27/2023
507,284,139,InProgress,8/21/2023
508,23,106,Completed,1/31/2024
509,21,99,Completed,9/28/2023
510,248,135,Completed,10/10/2023
511,12,84,InProgress,8/14/2023
512,83,121,InProgress,4/9/2023
513,71,114,InProgress,2/12/2024
514,259,127,Completed,5/18/2023
515,140,194,InProgress,11/7/2023
516,127,142,Completed,9/14/2023
517,99,57,InProgress,11/6/2023
518,292,89,Completed,4/23/2023
519,167,138,InProgress,3/28/2024
520,179,22,InProgress,9/18/2023
521,286,88,Completed,7/8/2023
522,19,82,InProgress,9/24/2023
523,168,108,Completed,6/14/2024
524,59,54,InProgress,11/25/2023
525,4,7,Completed,3/13/2024
526,206,45,Completed,1/24/2024
527,219,8,Completed,9/13/2023
528,73,117,InProgress,9/30/2023
529,177,198,Completed,4/30/2024
530,188,66,InProgress,2/1/2024
531,17,18,Completed,8/9/2023
532,72,83,InProgress,9/10/2023
533,11,78,InProgress,5/26/2024
534,232,178,Completed,11/8/2023
535,240,6,InProgress,8/3/2023
536,50,93,Completed,3/15/2024
537,102,63,InProgress,10/21/2023
538,108,67,InProgress,6/30/2023
539,128,97,InProgress,12/23/2023
540,242,53,Completed,5/31/2023
541,139,140,InProgress,6/7/2023
542,67,87,Completed,8/18/2023
543,89,80,InProgress,11/14/2023
544,222,129,Completed,3/5/2024
545,269,93,InProgress,6/19/2024
546,156,124,InProgress,12/23/2023
547,215,102,Completed,10/6/2023
548,57,22,Completed,4/17/2023
549,62,23,Completed,5/3/2024
550,52,159,Completed,6/3/2023
551,42,186,InProgress,10/8/2023
552,136,101,Completed,5/15/2024
553,221,168,InProgress,8/12/2023
554,204,157,InProgress,5/10/2023
555,260,185,InProgress,3/16/2024
556,160,95,InProgress,2/3/2024
557,181,118,InProgress,12/18/2023
558,94,79,InProgress,10/8/2023
559,294,147,Completed,8/12/2023
560,24,5,InProgress,4/15/2023
561,277,42,Completed,5/20/2024
562,234,160,InProgress,2/6/2024
563,36,89,Completed,10/11/2023
564,296,90,InProgress,6/8/2023
565,6,24,InProgress,2/7/2024
566,241,191,Completed,2/23/2024
567,141,10,InProgress,9/16/2023
568,246,125,InProgress,5/1/2024
569,253,33,Completed,7/6/2024
570,263,6,Completed,1/6/2024
571,217,88,Completed,11/23/2023
572,166,109,InProgress,11/5/2023
573,273,37,InProgress,7/21/2023
574,213,176,InProgress,8/14/2023
575,238,198,Completed,7/5/2024
576,282,92,InProgress,1/8/2024
577,53,1,InProgress,1/28/2024
578,75,85,InProgress,5/19/2024
579,115,59,InProgress,4/20/2023
580,77,199,InProgress,5/22/2024
581,199,116,Completed,4/23/2024
582,191,50,InProgress,6/25/2023
583,293,169,InProgress,1/14/2024
584,268,149,InProgress,4/19/2024
585,55,35,Completed,6/28/2024
586,116,117,Completed,6/16/2024
587,138,119,InProgress,8/25/2023
588,15,7,InProgress,7/3/2024
589,216,106,Completed,8/9/2023
590,114,2,Completed,10/4/2023
591,271,194,InProgress,12/25/2023
592,285,130,InProgress,4/22/2024
593,152,111,Completed,6/26/2024
594,266,107,Completed,2/20/2024
595,32,172,Completed,3/22/2024
596,120,70,InProgress,3/29/2024
597,261,39,Completed,5/29/2024
598,48,175,Completed,3/11/2024
599,235,183,Completed,4/15/2023
600,56,57,Completed,1/24/2024
601,76,46,InProgress,5/12/2023
602,170,99,Completed,4/18/2024
603,144,167,InProgress,5/7/2023
604,20,73,Completed,4/9/2024
605,47,181,Completed,5/31/2024
606,54,31,Completed,8/10/2023
607,63,182,Completed,9/29/2023
608,110,44,Completed,5/5/2024
609,146,86,InProgress,4/27/2023
610,184,133,InProgress,4/13/2023
611,244,17,Completed,11/4/2023
612,236,53,InProgress,2/22/2024
613,193,69,InProgress,4/27/2023
614,287,138,Completed,9/20/2023
615,201,56,Completed,2/5/2024
616,27,72,Completed,3/10/2024
617,212,114,Completed,3/28/2024
618,275,197,Completed,2/26/2024
619,87,161,InProgress,5/21/2024
620,130,188,InProgress,7/24/2023
621,233,54,InProgress,6/21/2023
622,92,135,InProgress,10/2/2023
623,85,52,Completed,7/6/2023
624,154,38,InProgress,11/20/2023
625,35,164,Completed,7/21/2023
626,153,155,Completed,3/25/2024
627,37,136,InProgress,12/15/2023
628,155,141,Completed,10/1/2023
629,255,43,InProgress,5/9/2024
630,182,128,Completed,2/14/2024
631,97,123,Completed,7/29/2023
632,189,190,Completed,4/21/2023
633,61,20,Completed,2/14/2024
634,151,162,InProgress,2/21/2024
635,65,60,Completed,10/4/2023
636,40,83,Completed,6/25/2023
637,237,137,Completed,4/14/2024
638,148,148,InProgress,1/19/2024
639,164,152,Completed,2/17/2024
640,135,81,InProgress,4/16/2024
641,39,64,Completed,1/31/2024
642,254,82,Completed,5/1/2023
643,121,76,Completed,6/1/2023
644,22,19,InProgress,12/27/2023
645,84,78,Completed,5/15/2024
646,16,58,Completed,4/17/2024
647,122,121,Completed,11/14/2023
648,126,16,Completed,8/27/2023
649,137,77,Completed,9/4/2023
650,1,132,Completed,5/6/2024
651,289,170,InProgress,8/24/2023
652,290,49,InProgress,6/25/2023
653,68,41,InProgress,3/5/2024
654,165,30,Completed,11/7/2023
655,247,97,Completed,4/14/2023
656,98,104,Completed,6/28/2024
657,29,18,Completed,4/12/2024
658,192,192,InProgress,7/9/2023
659,107,143,Completed,11/4/2023
660,251,91,Completed,1/18/2024
661,214,26,Completed,3/9/2024
662,279,165,Completed,5/3/2024
663,14,94,Completed,6/4/2023
664,82,27,Completed,10/6/2023
665,187,51,Completed,10/30/2023
666,258,55,Completed,6/28/2023
667,243,142,InProgress,5/31/2023
668,124,179,InProgress,1/6/2024
669,91,115,InProgress,6/15/2023
670,38,74,InProgress,11/16/2023
671,295,12,Completed,12/19/2023
672,117,154,Completed,1/7/2024
673,158,45,Completed,11/9/2023
674,49,84,Completed,9/24/2023
675,34,103,Completed,4/30/2023
676,44,127,Completed,2/11/2024
677,283,134,InProgress,1/26/2024
678,132,174,InProgress,4/21/2024
679,119,71,Completed,6/30/2023
680,112,14,Completed,6/15/2023
681,105,166,InProgress,3/3/2024
682,111,193,InProgress,4/4/2024
683,133,25,Completed,4/19/2023
684,58,113,Completed,2/14/2024
685,183,153,Completed,6/4/2023
686,163,110,Completed,2/24/2024
687,250,187,Completed,1/19/2024
688,103,75,InProgress,3/3/2024
689,149,139,InProgress,10/18/2023
690,228,151,InProgress,6/29/2023
691,31,131,InProgress,6/19/2023
692,225,15,Completed,5/10/2023
693,51,68,InProgress,2/15/2024
694,190,158,Completed,9/11/2023
695,175,189,InProgress,7/15/2023
696,229,61,Completed,8/24/2023
697,123,200,Completed,5/14/2024
698,64,29,Completed,7/7/2023
699,299,66,Completed,6/3/2023
700,180,122,Completed,3/30/2024
701,129,120,Completed,5/24/2024
702,66,112,InProgress,4/15/2023
703,46,177,Completed,6/29/2023
704,80,3,InProgress,2/17/2024
705,291,105,Completed,6/24/2023
706,210,108,InProgress,1/31/2024
707,145,145,Completed,3/11/2024
708,265,163,Completed,1/14/2024
709,231,196,InProgress,11/26/2023
710,249,178,InProgress,1/20/2024
711,207,28,Completed,6/15/2024
712,18,100,Completed,9/17/2023
713,298,173,InProgress,5/29/2023
714,69,96,Completed,4/29/2024
715,109,195,Completed,8/1/2023
716,104,4,InProgress,2/10/2024
717,172,146,Completed,8/8/2023
718,40,9,InProgress,5/16/2024
719,130,13,Completed,7/12/2023
720,249,21,InProgress,7/12/2023
721,222,150,Completed,12/3/2023
722,178,145,Completed,5/3/2024
723,68,59,Completed,7/2/2023
724,36,37,Completed,9/17/2023
725,150,80,InProgress,9/11/2023
726,99,14,Completed,7/17/2023
727,131,12,InProgress,11/1/2023
728,214,95,Completed,6/28/2024
729,287,106,Completed,4/9/2023
730,279,143,InProgress,6/8/2023
731,116,199,Completed,12/7/2023
732,54,84,Completed,12/16/2023
733,60,97,InProgress,5/19/2023
734,108,121,InProgress,7/8/2023
735,232,62,Completed,11/25/2023
736,47,55,InProgress,7/30/2023
737,239,162,Completed,5/6/2023
738,132,191,Completed,6/24/2023
739,26,176,Completed,6/8/2024
740,236,70,InProgress,4/15/2023
741,289,170,Completed,9/23/2023
742,193,47,Completed,5/21/2024
743,291,30,Completed,6/29/2024
744,44,194,InProgress,10/25/2023
745,25,165,InProgress,1/3/2024
746,177,85,Completed,3/24/2024
747,10,22,Completed,7/29/2023
748,87,78,InProgress,4/16/2024
749,100,131,Completed,6/7/2024
750,199,152,InProgress,11/22/2023
751,223,105,InProgress,8/17/2023
752,19,21,InProgress,5/13/2024
753,297,27,Completed,4/30/2023
754,69,20,Completed,9/30/2023
755,151,135,InProgress,11/14/2023
756,119,23,InProgress,3/31/2024
757,34,17,InProgress,4/21/2023
758,281,9,Completed,2/9/2024
759,13,126,Completed,10/14/2023
760,286,39,InProgress,2/18/2024
761,183,155,InProgress,8/20/2023
762,244,83,InProgress,9/9/2023
763,188,122,InProgress,6/16/2023
764,27,159,Completed,2/24/2024
765,260,63,InProgress,6/10/2024
766,189,74,Completed,7/31/2023
767,168,51,InProgress,1/3/2024
768,112,197,InProgress,4/1/2024
769,185,90,Completed,8/27/2023
770,139,19,Completed,4/25/2024
771,182,175,InProgress,11/20/2023
772,120,40,InProgress,2/4/2024
773,114,13,InProgress,6/14/2023
774,210,149,InProgress,2/17/2024
775,126,57,InProgress,5/4/2024
776,164,66,Completed,2/28/2024
777,118,88,InProgress,10/25/2023
778,255,127,Completed,12/26/2023
779,162,100,Completed,6/19/2023
780,212,184,InProgress,11/24/2023
781,93,29,InProgress,3/14/2024
782,267,35,Completed,7/30/2023
783,75,173,Completed,5/29/2024
784,141,71,Completed,7/18/2023
785,224,160,Completed,8/4/2023
786,203,147,Completed,7/28/2023
787,7,60,InProgress,9/12/2023
788,48,93,Completed,7/18/2023
789,106,136,Completed,6/3/2023
790,46,200,InProgress,5/13/2024
791,155,137,Completed,9/30/2023
792,250,99,Completed,5/24/2024
793,8,124,InProgress,5/22/2024
794,148,111,InProgress,6/9/2023
795,115,112,InProgress,4/19/2023
796,171,151,Completed,11/14/2023
797,235,69,InProgress,12/31/2023
798,140,16,InProgress,6/4/2024
799,127,38,InProgress,8/31/2023
800,169,49,Completed,10/23/2023
801,233,3,InProgress,2/11/2024
802,227,67,InProgress,5/31/2023
803,39,108,InProgress,4/22/2023
804,294,91,Completed,3/4/2024
805,258,114,InProgress,5/14/2023
806,275,146,InProgress,1/9/2024
807,300,195,InProgress,2/19/2024
808,104,94,Completed,11/30/2023
809,163,61,InProgress,10/5/2023
810,190,10,Completed,4/18/2024
811,78,43,InProgress,2/19/2024
812,225,26,InProgress,6/19/2024
813,246,42,Completed,6/7/2023
814,33,118,Completed,6/5/2024
815,251,125,Completed,10/5/2023
816,253,153,Completed,9/9/2023
817,271,164,Completed,6/19/2024
818,41,96,InProgress,1/14/2024
819,123,54,InProgress,6/6/2023
820,173,129,Completed,7/18/2023
821,229,190,InProgress,10/27/2023
822,96,44,InProgress,1/29/2024
823,237,79,InProgress,11/23/2023
824,256,5,InProgress,1/28/2024
825,143,50,Completed,2/16/2024
826,179,72,Completed,10/31/2023
827,31,183,Completed,12/31/2023
828,149,185,InProgress,11/18/2023
829,50,52,InProgress,4/22/2023
830,184,1,Completed,11/17/2023
831,23,167,InProgress,3/30/2024
832,77,139,InProgress,4/18/2023
833,128,64,InProgress,4/10/2023
834,270,87,InProgress,5/16/2024
835,70,178,InProgress,6/1/2024
836,147,140,InProgress,9/19/2023
837,295,68,InProgress,8/18/2023
838,1,11,Completed,1/13/2024
839,240,182,InProgress,3/24/2024
840,20,81,Completed,8/10/2023
841,231,115,InProgress,2/27/2024
842,24,171,InProgress,6/20/2024
843,9,82,Completed,9/22/2023
844,274,102,InProgress,4/22/2024
845,201,150,Completed,7/1/2024
846,257,109,InProgress,5/16/2023
847,101,31,Completed,11/30/2023
848,191,46,Completed,11/9/2023
849,241,8,Completed,9/20/2023
850,21,65,InProgress,4/20/2023
851,176,86,InProgress,3/2/2024
852,107,58,InProgress,4/24/2023
853,195,119,Completed,3/26/2024
854,83,4,InProgress,9/15/2023
855,186,24,Completed,5/1/2024
856,205,198,InProgress,5/19/2023
857,102,89,Completed,4/8/2024
858,220,196,InProgress,11/14/2023
859,284,156,InProgress,5/14/2023
860,254,6,InProgress,3/25/2024
861,88,56,Completed,9/23/2023
862,272,25,Completed,8/8/2023
863,29,116,InProgress,1/31/2024
864,228,161,Completed,4/17/2024
865,278,134,InProgress,6/7/2024
866,45,154,Completed,11/28/2023
867,215,168,Completed,6/21/2023
868,252,189,InProgress,5/27/2024
869,85,166,Completed,9/3/2023
870,146,36,InProgress,8/7/2023
871,268,48,Completed,10/19/2023
872,288,174,InProgress,7/1/2024
873,175,15,InProgress,4/23/2024
874,298,18,Completed,8/5/2023
875,277,132,Completed,5/8/2023
876,37,77,Completed,9/18/2023
877,265,92,InProgress,4/15/2024
878,49,187,Completed,11/15/2023
879,105,45,Completed,12/30/2023
880,22,53,Completed,7/13/2023
881,58,76,InProgress,8/10/2023
882,135,180,InProgress,3/13/2024
883,51,103,InProgress,6/13/2023
884,181,163,Completed,6/10/2023
885,269,110,InProgress,2/9/2024
886,66,177,Completed,1/9/2024
887,89,2,InProgress,9/17/2023
888,5,157,InProgress,6/18/2024
889,67,128,Completed,4/28/2024
890,192,188,InProgress,9/20/2023
891,144,130,Completed,4/11/2024
892,43,172,InProgress,12/19/2023
893,122,142,Completed,5/3/2023
894,243,123,InProgress,1/18/2024
895,211,107,InProgress,5/25/2024
896,38,120,InProgress,6/18/2024
897,59,148,InProgress,4/21/2023
898,206,28,Completed,12/14/2023
899,242,138,InProgress,4/10/2024
900,74,7,Completed,5/1/2023
901,2,33,Completed,2/9/2024
902,160,179,InProgress,2/27/2024
903,219,98,InProgress,2/20/2024
904,263,133,InProgress,5/2/2024
905,213,141,InProgress,3/20/2024
906,285,186,InProgress,1/12/2024
907,136,36,Completed,2/5/2024
908,245,158,Completed,3/18/2024
909,6,130,InProgress,5/4/2023
910,187,136,Completed,7/30/2023
911,63,73,Completed,5/15/2024
912,194,60,Completed,1/20/2024
913,92,133,InProgress,10/22/2023
914,56,105,Completed,3/11/2024
915,113,94,InProgress,6/7/2023
916,248,154,Completed,6/10/2023
917,234,174,InProgress,4/20/2023
918,28,14,Completed,5/31/2024
919,145,78,Completed,5/3/2023
920,259,79,InProgress,4/15/2023
921,238,4,InProgress,5/21/2024
922,276,171,Completed,4/26/2023
923,209,22,InProgress,11/12/2023
924,109,102,InProgress,3/16/2024
925,200,106,Completed,4/19/2024
926,166,9,Completed,2/6/2024
927,35,32,InProgress,3/28/2024
928,167,1,InProgress,8/29/2023
929,282,55,Completed,3/24/2024
930,157,109,InProgress,5/19/2023
931,98,199,InProgress,5/24/2024
932,79,72,Completed,3/24/2024
933,133,16,InProgress,10/12/2023
934,72,172,Completed,5/19/2024
935,262,6,InProgress,2/2/2024
936,82,50,Completed,9/17/2023
937,161,25,Completed,5/24/2024
938,230,131,InProgress,7/3/2024
939,53,200,InProgress,5/30/2024
940,142,91,Completed,7/13/2023
941,73,59,Completed,10/23/2023
942,90,117,InProgress,5/10/2023
943,293,163,InProgress,7/29/2023
944,283,189,Completed,5/29/2023
945,154,167,Completed,4/19/2024
946,52,62,Completed,4/26/2024
947,11,195,Completed,7/17/2023
948,86,166,InProgress,6/23/2023
949,117,56,InProgress,6/30/2024
950,290,13,Completed,4/14/2023
951,165,2,Completed,6/4/2023
952,16,80,Completed,3/15/2024
953,95,90,InProgress,6/17/2024
954,129,152,InProgress,6/21/2024
955,42,165,Completed,5/25/2023
956,76,114,InProgress,11/25/2023
957,153,93,Completed,3/6/2024
958,66,87,Completed,2/28/2024
959,174,15,InProgress,3/3/2024
960,165,193,InProgress,2/7/2024
961,6,81,Completed,3/17/2024
962,164,83,Completed,4/11/2023
963,60,46,InProgress,12/14/2023
964,64,95,InProgress,5/1/2023
965,262,115,InProgress,4/13/2023
966,43,76,Completed,7/7/2023
967,272,179,Completed,3/20/2024
968,237,155,InProgress,3/22/2024
969,77,157,InProgress,4/4/2024
970,101,141,InProgress,8/16/2023
971,144,51,Completed,12/23/2023
972,172,44,Completed,11/10/2023
973,49,188,InProgress,6/28/2023
974,148,69,Completed,5/4/2023
975,47,30,InProgress,6/25/2024
976,259,156,Completed,8/20/2023
977,260,132,Completed,6/29/2023
978,226,119,InProgress,11/2/2023
979,199,116,Completed,1/24/2024
980,124,33,Completed,10/29/2023
981,96,135,Completed,7/31/2023
982,72,177,Completed,11/14/2023
983,52,118,InProgress,9/15/2023
984,111,18,Completed,3/23/2024
985,29,54,InProgress,1/4/2024
986,57,160,InProgress,3/30/2024
987,187,92,InProgress,5/30/2024
988,95,100,Completed,12/30/2023
989,44,21,Completed,11/11/2023
990,63,142,InProgress,4/16/2024
991,253,24,InProgress,5/12/2023
992,217,98,InProgress,5/10/2023
993,97,121,InProgress,4/27/2023
994,269,58,Completed,8/21/2023
995,74,126,InProgress,9/12/2023
996,107,26,InProgress,11/9/2023
997,282,111,Completed,4/15/2024
998,180,75,InProgress,5/24/2023
999,235,41,InProgress,8/29/2023
1000,247,184,Completed,8/29/2023
